{
  "accuracy": 0.9837222099304199,
  "loss": 0.05321436747908592,
  "val_accuracy": 0.9831666946411133,
  "val_loss": 0.0606515109539032,
  "epoch": 4,
  "global_step": 2110
}