{
  "accuracy": 0.9833333492279053,
  "loss": 0.053388070315122604,
  "val_accuracy": 0.9823333621025085,
  "val_loss": 0.06449051201343536,
  "epoch": 4,
  "global_step": 2110
}